photo-1440367850806-da68da359421.jpeg,NIK25BJZ8IK,gown cape,57,2
photo-1444086798547-11000e647498.jpeg,NOG35PBB9QY,shirt flip-flops,52,1
photo-1454374885700-66810737f859.jpeg,REO82OET3IA,hat Hawaiian,60,2
photo-1458304845538-c91e2a89b605.jpeg,QDX63PQH4GG,jodhpurs jumper,66,2
photo-1458765330184-16a8a2c77a57.jpeg,YQF75AZO6MP,fur,74,3
photo-1463986780690-1f1ceb797bfc.jpeg,QCX03MXI3VG,pocket,68,3
photo-1466968157647-7b02122317f9.jpeg,NBC51IXY1YK,polo shirt,88,3
photo-1469332183683-f2bce6607452.jpeg,SDS92RFB4FR,coveralls cowboy,61,3
photo-1469559845082-95b66baaf023.jpeg,XVC31YNB2MV,sweatpants,64,3
photo-1470434767159-ac7bf1b43351.jpeg,ZWS65SLO7BQ,leotard life,69,1
photo-1470501156507-f2e7f8a08a84.jpeg,QIH32LWH7RL,wig,81,2
photo-1474313438662-85ce389c174a.jpeg,FUM55BOD5NP,boot,97,1
photo-1479650146579-b74589e17948.jpeg,ISD57MBB2AX,jumpsuit kerchief,81,2
photo-1480955224008-cf7703a6d908.jpeg,JOJ35YDM8KF,gown,91,3
photo-1484516396415-4971641de8e0.jpeg,JXT68XEY7MG,cap,85,2
photo-1486020425824-a3da4762c3ca.jpeg,XPK49NUD9VK,dinner jacket,78,3
photo-1486591267513-8283070135ca.jpeg,ICG78BCZ4WV,tie,55,3
photo-1488327361662-604ecddb43ae.jpeg,EDX25UGE7QA,sun hat,85,2
photo-1488778578932-0f84d315fcae.jpeg,OES85NKC2TQ,nightgown,70,2
photo-1489388433353-df7543dd66e9.jpeg,CFI66STP6GY,culottes cummerbund,51,3
photo-1489980869433-d1f7c7ac0fcf.jpeg,SSM30YNC2WQ,lab,99,3
photo-1489987707025-afc232f7ea0f.jpeg,OUP69CZK2IU,gloves gown,91,1
photo-1493704099487-36e3c0412f6e.jpeg,KCF74JHL6KV,dirndl,82,1
photo-1495830575453-21bf9dbfb5a1.jpeg,RDH35MND1OY,shirt sandals,66,3
photo-1495994458560-6f9d0636cc8f.jpeg,MGU85GPW7UB,snaps sneakers,72,2
photo-1496056013337-d6a1dd4fb8a3.jpeg,NHS94TJU3GC,hat,84,3
photo-1496160158937-1052c0b7e6aa.jpeg,DKP39SGU6FR,gown bandanna,93,3
photo-1496302662116-35cc4f36df92.jpeg,KQM63EGG8TY,coat collar,69,3
photo-1496341361646-57e8f8f0770c.jpeg,CLO93CFS6EM,jacket,89,1
photo-1496346236646-50e985b31ea4.jpeg,WCN56PRK7BJ,heels,89,1
photo-1498618480317-92f84893b69e.jpeg,KJM34CFD9QB,formal wear,77,3
photo-1499290572571-a48c08140a19.jpeg,RWD53MFD6QC,brassiere,64,3
photo-1499314060091-745e1ca06f22.jpeg,BVQ95UTR7AW,garters,92,2
photo-1499713907394-43c9d094ac2e.jpeg,OFC72PNZ2KP,lapel leather,72,1
photo-1499894245346-c90612441beb.jpeg,ZHC62CNE6WW,tie,99,1
photo-1500757810556-5d600d9b737d.jpeg,UGA58LVK6EK,suit,54,1
photo-1500897975290-fa277274fdb2.jpeg,EED04QBU5KG,leather jacket,69,3
photo-1502290657503-a6a8708fb99d.jpeg,BVE22TOR2OQ,sunbonnet sundress,58,3
photo-1502323888202-25e5f9f090b2.jpeg,IRS16VIB5GX,frock fur,75,1
photo-1502773689256-3fb05abd681f.jpeg,JFP11XVE2YM,slippers smock,73,1
photo-1502920478215-5503c24138b9.jpeg,MBK65QGV4NJ,Wellingtons wetsuit,86,2
photo-1503024434181-c32d7de258d4.jpeg,LWL82CPK5XD,uniform scrubs,81,2
photo-1503237279237-8d924aaa7183.jpeg,HPO36PIB5ON,hat pants,78,1
photo-1503341338985-c0477be52513.jpeg,QDZ28ETP5JV,shirt,54,2
photo-1503341455253-b2e723bb3dbb.jpeg,OKJ01ITJ4JT,belt,66,2
photo-1503341733017-1901578f9f1e.jpeg,JOW81DBE4HD,fatigues,71,3
photo-1503342217505-b0a15ec3261c.jpeg,RSF63DOR0FP,muffler,94,1
photo-1503342394128-c104d54dba01.jpeg,BDI64KTO8CY,pocket,54,1
photo-1503443207922-dff7d543fd0e.jpeg,WVF43COL3XE,stole suit,77,1
photo-1504284674659-1216fb2866c0.jpeg,LMM43DOY3KG,hazmat suit,68,1
photo-1504660697883-bdc3196e0c99.jpeg,GNH44XSN2LV,jacket,96,1
photo-1505165881430-81f6a7798388.jpeg,GFD73HAI2CF,sweater,88,2
photo-1505455221201-c5249c8d9599.jpeg,ERT59EUY2FN,crown cuff,75,2
photo-1505515512423-7f370c79c5ef.jpeg,JFK55JXH5SE,onesies,79,3
photo-1506020586658-dc233fca3bdf.jpeg,WGR22UON7DB,life,100,2
photo-1506436612222-a0a2974befc0.jpeg,UXH34WLV6TC,spacesuit,68,3
photo-1506465080372-a2c256c8cffc.jpeg,NUJ18IBG0SZ,bikini blazer,91,3
photo-1506865155384-b567ce713b65.jpeg,EDC72EVR0UH,khakis,71,2
photo-1507079236694-53ef19919f62.jpeg,KGW04YCP2TM,camisole camouflage,64,3
photo-1507081323647-4d250478b919.jpeg,WHI95KUS2TK,jeans jersey,90,1
photo-1507537297725-24a1c029d3ca.jpeg,YRJ14QBX0DJ,gown fashion,71,2
photo-1507852965848-25d0a5b884c6.jpeg,QPP33CTX6NA,earmuffs,53,2
photo-1507988188871-951834c74759.jpeg,SSS01HRI0JO,trench coat,82,3
photo-1508111156833-762eede69a47.jpeg,HKT28TVP2MV,shirt flip-flops,62,3
photo-1508179428919-d2681e3dbae7.jpeg,UYE38MWV8FG,high heels,86,3
photo-1508882747552-5bd783c3f581.jpeg,OMO93TKX0DD,smock snaps,62,2
photo-1509406163930-0b8d7ad91d23.jpeg,XWS32YAH3TU,button-down,79,3
photo-1509717366085-bf3274e1d8ea.jpeg,VCG81RHN6HS,evening,58,2
photo-1509718038165-5989aafae91d.jpeg,DLI62DVY6XE,galoshes,83,3
photo-1509989886026-de241e0f5ca5.jpeg,ZLT23OGL0MM,belt beret,65,2
photo-1510060637021-6287bd1b5232.jpeg,WMG31UON5RA,sarong,94,1
photo-1510124948545-a2b79a488ea5.jpeg,BCD85AFF6NP,and,69,2
photo-1510324116018-ca6973488083.jpeg,RDP50LRV7NS,dinner,79,2
photo-1510411487635-d0a53c2afe5f.jpeg,BLN43NFF7QK,handkerchief,72,1
photo-1510600230451-e2a04581ebca.jpeg,DYP02QTE3LJ,khakis kilt,99,3
photo-1510635874686-2761923552fe.jpeg,EWT55VTR1RP,lab coat,65,3
photo-1510893265870-320979e20c42.jpeg,XKF85SWD2MQ,boxers bra,60,2
photo-1511590895197-7b1da5737705.jpeg,EDR75QHF9EA,toga togs,76,1
photo-1511880559356-6c0eefd38ad3.jpeg,RRF37OSO3XJ,parka pea,63,2
photo-1511898198187-591292293710.jpeg,BNH44EPB4CJ,galoshes,77,3
photo-1512327428889-607eeb19efe8.jpeg,TUO77UOH1ZH,slip slippers,83,2
photo-1512327605305-64e5ce63b346.jpeg,EJJ45JOZ1YR,sweater,81,2
photo-1512851515527-65f60b2d95fc.jpeg,PMC36BXC9MG,ascot tie,95,1
photo-1513065485685-394f6bb3a4f9.jpeg,YKS32YNX2OL,zipper,75,3
photo-1513374933342-24bf646c8f5f.jpeg,FCW72VYV6BW,jeans jersey,90,2
photo-1513490169789-fc38712bf75d.jpeg,DJF44SFQ1WY,onesies,63,2
photo-1513748566246-9cd9a6d57954.jpeg,VJT88CVY1SF,sarong,75,3
photo-1515396886123-75d7b90b3b94.jpeg,EUH47SMF1MU,trunks,80,1
photo-1516790987203-731c5d30f489.jpeg,VZB81XGE8VA,jodhpurs jumper,64,1
photo-1517070208541-6ddc4d3efbcb.jpeg,OQM80JRX5BB,johns long,96,1
photo-1517231426114-1ed5cdbe7248.jpeg,CTI73DWM2UJ,breeches briefs,55,1
photo-1517265501647-39075febeca8.jpeg,EBG13XLZ0JN,cuff,81,1
photo-1517510875844-9e12b4007242.jpeg,FSR43RTB2XY,uniform,95,2
photo-1518336106683-3e161e20a9d7.jpeg,LCM88XJH1LI,tie tie,86,1
photo-1519058082700-08a0b56da9b4.jpeg,ZHR23LPT9NL,toga togs,52,2
photo-1519568470290-c0c1fbfff16f.jpeg,GDU13AFN4LR,fedora,59,1
photo-1519631215483-7aff257bb7db.jpeg,IMO53BLN7KJ,sarong,77,3
photo-1519713567597-479eb4360901.jpeg,MHK57MTM7UC,flannel,90,3
photo-1520013633827-6724d7d57eb1.jpeg,MHK41GPQ7DQ,girdle,73,3
photo-1520129347658-40fc562d955f.jpeg,YQR64KVY1PG,button-down,85,3
photo-1520911858363-ce639c052a2e.jpeg,OGM73ELM4RM,lingerie loafers,58,3
photo-1521498542256-5aeb47ba2b36.jpeg,ESW20VCH5NQ,apron,70,1
photo-1521572163474-6864f9cf17ab.jpeg,WHK77ELS3VW,veil Velcro,51,2
photo-1521766617296-f2dfd9259888.jpeg,FNK59NSY9SS,fashion fatigues,69,2
photo-1521885856138-5b503e216669.jpeg,VNR51GVY8GJ,hat Hawaiian,79,1
photo-1522050664457-3cc2d06a2dac.jpeg,VNF11WJG0NV,loafers loincloth,83,1
photo-1522706604291-210a56c3b376.jpeg,CPW38UZO8NS,frock fur,97,1
photo-1523113767158-b5202b3ab55e.jpeg,EFI37LFA4UA,cowboy,71,3
photo-1524666041070-9d87656c25bb.jpeg,KYE85HKS9EM,sweater,98,1
photo-1525748822304-6807cb1348ab.jpeg,JYZ74HEI4MM,pocketbook,72,1
